keyword,language,topic,topicColor,keywordColor,limitPages,ratioNew
'Krieg',de,Russland,#bb3388,#154c79,3,0.34589467630070864
'Ukraine',de,Russland,#bb3388,#154c79,3,0.3312363892316595
'Kreml',de,Russland,#bb3388,#154c79,3,0.3225160296239973
'Pipeline',de,Russland,#bb3388,#154c79,3,0.3173755134691347
'Iran',de,Israel,#bb3388,#154c79,3,0.3148878685420785
'Energie',de,Energiekrise,#ee4422,#a89216,3,0.2863625106283406
'Wladimir Putin',de,Russland,#bb3388,#154c79,3,0.2803945636519208
'Industrie',de,Politik,#22ee22,#802d16,3,0.2763621862504426
'Katar',de,Politik,#22ee22,#61b00c,3,0.2636624271413229
'Gas',de,Winter,#154c79,#9e3215,3,0.2618533536805464
'Friedrich Merz',de,Politik,#22ee22,#3b4a63,3,0.2460217115438302
'Saporischschja',de,Russland,#bb3388,#154c79,3,0.2446865317551534
'sparen',de,Energiekrise,#154c79,#7db344,3,0.2348122079666618
'Bürgergeld',de,Politik,#22ee22,#d64118,3,0.2271792858986898
'Benjamin Netanjahu',de,Israel,#bb3388,#154c79,3,0.2258853262649368
'Sicherheit',de,Politik,#22ee22,#477515,3,0.2171080000831645
'Versorgung',de,Energiekrise,#ee4422,#679e2c,3,0.2153432444199392
'Import',de,Energiekrise,#ee4422,#87830f,3,0.2151385613350762
'Olaf Scholz',de,Politik,#22ee22,#3b4a63,3,0.1969854264829675
'heizen',de,Energiekrise,#ee4422,#b55035,3,0.1936797496575982
'Chamenei',de,Israel,#bb3388,#154c79,2,0.192135948713519
'Gasmangel',de,Energiekrise,#ee4422,#bfba22,2,0.1867163087230988
'Unterstützung',de,Politik,#22ee22,#c4b03b,3,0.1619136421296031
'Winter',de,Winter,#154c79,#315fa8,3,0.1602564282298277
'Dämmung',de,Winter,#154c79,#022f78,3,0.06597467498049
'frieren',de,Winter,#154c79,#638ed4,2,0.0606747512312674
