domain,sentiment_mean,sentiment_std,subjectivity_mean,subjectivity_std,counting
www.n-tv.de,0.07698498774509699,0.2047372747986363,0.02906225331041512,0.08732624930659878,2720.0
www.zeit.de,0.004031963941646022,0.133341798277213,0.022905509024419055,0.07642817636780604,2422.0
www.faz.net,0.002930678891150442,0.23008158887011126,0.0497409076899369,0.11039065758574201,1442.0
www.welt.de,0.02808206789359308,0.22206698239685382,0.06464096586063661,0.11055529008145973,1154.0
www.stern.de,0.02772633902772649,0.25232542279348075,0.0652705046846876,0.1506662597149748,973.0
www.tagesschau.de,0.00948223892412084,0.23965585691932015,0.06076035349098075,0.13722230850473452,813.0
www.focus.de,0.014168938480647344,0.2527990995546354,0.08406553327122954,0.1361446656263992,790.0
www.morgenpost.de,0.02612906975221332,0.17941354815776872,0.062953795379538,0.10274450144478457,606.0
www.handelsblatt.com,0.03765523956496181,0.213164032719001,0.04986934156378599,0.10364903218836917,540.0
www.spiegel.de,0.04220488018925525,0.19325993525774274,0.09339995421245434,0.12387975970280045,520.0
www.sueddeutsche.de,0.05312644145977486,0.26198620469471734,0.08599918599918598,0.15649550436730497,468.0
www.tagesspiegel.de,0.030320250340892536,0.22218869325211685,0.057766480885746936,0.1171153877876098,327.0
www.wiwo.de,0.02583726355291849,0.19264446583207867,0.06955930828135297,0.10224066650478311,313.0
taz.de,0.007658266938422586,0.22622913626959132,0.048664381446482614,0.10949236809657492,257.0
www.nzz.ch,0.011928650617675014,0.19557676414937816,0.05184881920247775,0.09884475916201968,205.0
www.bild.de,-0.04096938775510205,0.2536253836250235,0.055554543245869795,0.1333738371936891,196.0
www.dw.com,0.013884479717813049,0.19976477939808107,0.04298192239858907,0.08860794272396426,180.0
consent.google.com,-0.14280107526881725,0.3992699064390772,0.02661290322580645,0.116396164353869,155.0
orf.at,-0.022179487179487183,0.2165510689070954,0.023076923076923075,0.07980617847351952,143.0
www.golem.de,0.0777461843711844,0.10026972025183968,0.029455128205128203,0.062445692388142446,130.0
www.diepresse.com,0.029651483781918578,0.2918922509299523,0.037287784679089025,0.10718410370857688,115.0
www.telepolis.de,-0.03386970899470897,0.205232105942487,0.05049603174603174,0.1103609532588584,90.0
www.jungewelt.de,-0.024473733938019653,0.25439931520372633,0.023148148148148147,0.07100369089826289,84.0
www.heise.de,0.07444822373393802,0.20356014927923083,0.05529100529100529,0.1031243723484928,63.0
stadt-bremerhaven.de,0.1107581453634085,0.271110179980032,0.07255639097744361,0.17189156184784346,57.0
www.freitag.de,0.04265692640692639,0.22206974824938153,0.051677489177489176,0.10070851877943239,44.0
www.kicker.de,0.11474603174603173,0.2794361635271973,0.029669312169312168,0.08690221154613881,30.0
www.googlewatchblog.de,0.07424125514403292,0.23644391995644184,0.13323045267489714,0.18959572919226014,27.0
www.der-postillon.com,0.20632716049382718,0.36170959062745833,0.09506172839506172,0.13062676120882083,27.0
www.basicthinking.de,0.17106984126984126,0.27463922783785294,0.10790476190476189,0.1481171689076039,25.0
www.brigitte.de,0.14781498015873015,0.20593649371994888,0.04836309523809523,0.1442554975995575,24.0
www.t-online.de,-0.11373590982286634,0.18472680561197236,0.020531400966183576,0.04730191678647103,23.0
www.ndr.de,-0.11303030303030304,0.2527440077025238,0.0,0.0,22.0
web.de,0.04579365079365078,0.3042694433884122,0.027777777777777773,0.07136240321480627,21.0
www.manager-magazin.de,0.024880952380952375,0.20907919475394796,0.08833333333333335,0.18763688960111571,20.0
www.prnewswire.com,0.09689153439153439,0.30246231147272884,0.05555555555555555,0.2357022603955158,18.0
de.rt.com,0.010490196078431373,0.18482303351400836,0.037745098039215684,0.07569800465333767,17.0
www.transfermarkt.de,0.0815625,0.3721635785063695,0.010416666666666666,0.041666666666666664,16.0
vorarlberg.orf.at,0.08215773809523809,0.2032617521813901,0.08675595238095238,0.12155135015960779,16.0
www.fr.de,0.0708888888888889,0.3196965740681302,0.0,0.0,15.0
t3n.de,0.05606349206349206,0.2968270123156833,0.07396825396825397,0.12535814151157104,15.0
www.chip.de,0.0991025641025641,0.30303298269988466,0.12974358974358974,0.1372039677812882,13.0
www.computerbase.de,0.29701923076923076,0.3424026560670439,0.06538461538461539,0.174862583410297,13.0
www.giga.de,0.13464285714285712,0.19838455435314437,0.161038961038961,0.17565643881748724,11.0
www.businessinsider.de,0.039172077922077914,0.20315417146982384,0.10010822510822512,0.1566012080516114,11.0
noe.orf.at,0.027928571428571414,0.15594129570037407,0.059285714285714275,0.0816376998313993,10.0
wien.orf.at,0.10277777777777779,0.18831489585266478,0.08765432098765433,0.1250240031823574,9.0
burgenland.orf.at,0.1316815476190476,0.22934739703975615,0.09375,0.14793108068397634,8.0
www.computerwoche.de,0.1959375,0.20479928109179069,0.0875,0.12174328963613794,8.0
www.zdnet.de,0.11656250000000001,0.24331557237040238,0.028125,0.052504251528532705,8.0
winfuture.de,0.18833333333333332,0.24630765379390934,0.05,0.14142135623730953,8.0
salzburg.orf.at,0.04858630952380952,0.26240515306787704,0.1464285714285714,0.14505676200966816,8.0
www.perlentaucher.de,0.058854166666666666,0.3618764306932269,0.0,0.0,8.0
ooe.orf.at,0.05785094246031746,0.15513438181927877,0.1253968253968254,0.16054910186403237,8.0
www.mobiflip.de,-0.02380952380952381,0.2439750182371333,0.08095238095238096,0.15378814535195376,7.0
www.horizont.net,0.0019047619047618933,0.20424075429327446,0.0988095238095238,0.19793076390896716,7.0
kaernten.orf.at,-0.08273809523809525,0.2953970626177156,0.16071428571428573,0.2550741670334938,7.0
www.teltarif.de,0.10809523809523809,0.3045950994405107,0.04897959183673469,0.08525956481030367,7.0
www.merkur.de,-0.049999999999999996,0.08539125638299665,0.0,0.0,7.0
hallespektrum.de,-0.06666666666666667,0.25182665996011355,0.05555555555555555,0.13608276348795434,6.0
science.orf.at,0.024666666666666656,0.13088417271261893,0.04912698412698413,0.04281523524236033,6.0
www.kino.de,0.020555555555555566,0.28677840199682375,0.07539682539682539,0.12272110100507247,6.0
netzpolitik.org,0.06388888888888888,0.14079799030552273,0.08333333333333333,0.10540925533894598,6.0
www.autobild.de,0.10825396825396827,0.2570514240736506,0.14047619047619048,0.12719724180183886,6.0
de.euronews.com,0.0,0.0,0.06666666666666667,0.16329931618554522,6.0
www.finanzen.net,0.12855555555555556,0.3782186153372865,0.06666666666666667,0.14907119849998596,5.0
steiermark.orf.at,0.024190476190476186,0.30061659990102746,0.06857142857142857,0.09604420750840921,5.0
www.globenewswire.com,0.023333333333333334,0.20869967789998037,0.0,0.0,5.0
tirol.orf.at,0.06133333333333333,0.08451166914824379,0.14666666666666667,0.08366600265340757,5.0
www.fitforfun.de,0.04357142857142858,0.15109811577107493,0.12857142857142856,0.07260928896179478,5.0
www.dealdoktor.de,0.05166666666666666,0.2829899880443358,0.0,0.0,5.0
www.iphone-ticker.de,0.125,0.25,0.0,0.0,4.0
11freunde.de,-0.0525,0.20902551678363734,0.0,0.0,4.0
www.wa.de,-0.29166666666666663,0.06735753140545636,0.0,0.0,4.0
sport.orf.at,0.01964285714285714,0.03928571428571428,0.0,0.0,4.0
www.computerbild.de,0.21666666666666667,0.09930312739844153,0.0,0.0,4.0
www.cio.de,0.006249999999999999,0.24564493722685427,0.08333333333333333,0.16666666666666666,4.0
futurezone.at,-0.08333333333333333,0.16666666666666666,0.08333333333333333,0.16666666666666666,4.0
praxistipps.chip.de,0.06666666666666665,0.1509230856356236,0.17916666666666667,0.06291528696058958,4.0
www.rbb24.de,0.05833333333333331,0.440407008724127,0.0,0.0,3.0
www.waz.de,-0.16222222222222224,0.2881036336176684,0.0,0.0,3.0
'Energie',0.0,0.0,0.0,0.0,3.0
weather.com,-0.205,0.08411301920630361,0.125,0.21650635094610965,3.0
www.capital.de,0.034259259259259246,0.2283247723005336,0.024691358024691357,0.042766686606638946,3.0
scilogs.spektrum.de,-0.13095238095238093,0.027042420694286997,0.08095238095238096,0.07330859199209834,3.0
efahrer.chip.de,-0.11,0.29734005971464916,0.06666666666666667,0.11547005383792516,3.0
versicherungswirtschaft-heute.de,0.07777777777777777,0.13471506281091267,0.0,0.0,3.0
www.deutsche-startups.de,0.25,0.07071067811865474,0.05,0.07071067811865477,2.0
www.rtl.de,0.3625,0.4772970773009195,0.041666666666666664,0.05892556509887896,2.0
help.orf.at,-0.12142857142857143,0.17172593257387583,0.07142857142857142,0.10101525445522107,2.0
www.sportschau.de,0.175,0.24748737341529162,0.09375,0.13258252147247765,2.0
excitingcommerce.de,0.25,0.3535533905932738,0.0,0.0,2.0
www.msn.com,0.125,0.1767766952966369,0.0,0.0,2.0
rivva.de,0.175,0.0,0.125,0.1767766952966369,2.0
etailment.de,0.0,0.0,0.25,0.3535533905932738,2.0
www.macerkopf.de,-0.09027777777777779,0.013749298523071763,0.05,0.07071067811865477,2.0
www.lobbycontrol.de,-0.1875,0.5656854249492381,0.0,0.0,2.0
learngerman.dw.com,-0.14285714285714285,0.20203050891044214,0.0,0.0,2.0
de.catholicnewsagency.com,0.29166666666666663,0.41247895569215265,0.0,0.0,2.0
meedia.de,-0.32916666666666666,0.13552879972742163,0.0,0.0,2.0
www.urlaubspiraten.de,0.4283333333333333,0.12492219800962338,0.0,0.0,2.0
www.voltairenet.org,0.004999999999999993,0.007071067811865465,0.0,0.0,2.0
www.ifun.de,0.3208333333333333,0.20623947784607632,0.125,0.1767766952966369,2.0
www.abendblatt.de,0.0,0.0,0.0,0.0,2.0
blog.seibert-media.net,0.21874999999999997,0.061871843353822883,0.1875,0.08838834764831845,2.0
www.apfelpage.de,0.0,0.0,0.08333333333333333,0.11785113019775792,2.0
www.wissenschaft.de,-0.14027777777777778,0.02160604053625562,0.1875,0.2651650429449553,2.0
'Versorgung',0.0,1.0,0.0,1.0,1.0
www.rnd.de,0.0,1.0,0.0,1.0,1.0
'Unterst√ºtzung',0.0,1.0,0.0,1.0,1.0
www.saechsische.de,0.0,1.0,0.0,1.0,1.0
www.saturn.de,0.0,1.0,0.0,1.0,1.0
www.silicon.de,0.0,1.0,0.0,1.0,1.0
www.zdf.de,0.0,1.0,0.0,1.0,1.0
business-services.heise.de,0.0,1.0,0.0,1.0,1.0
fm4.orf.at,0.0,1.0,0.0,1.0,1.0
akademie.dw.com,0.0,1.0,0.0,1.0,1.0
www.titanic-magazin.de,0.0,1.0,0.0,1.0,1.0
www.swr.de,0.0,1.0,0.0,1.0,1.0
detektor.fm,0.0,1.0,0.0,1.0,1.0
blogs.faz.net,0.0,1.0,0.0,1.0,1.0
bildblog.de,0.0,1.0,0.0,1.0,1.0
www.notebookcheck.com,0.0,1.0,0.0,1.0,1.0
oesterreich.orf.at,0.0,1.0,0.0,1.0,1.0
www.kalenderblatt.de,0.0,1.0,0.0,1.0,1.0
www.dailymotion.com,0.0,1.0,0.0,1.0,1.0
www.gamestar.de,0.0,1.0,0.0,1.0,1.0
www.gameswelt.de,0.0,1.0,0.0,1.0,1.0
www.bz-berlin.de,0.0,1.0,0.0,1.0,1.0
www.br.de,0.0,1.0,0.0,1.0,1.0
www.appgefahren.de,0.0,1.0,0.0,1.0,1.0
www.agrarheute.com,0.0,1.0,0.0,1.0,1.0
www.infranken.de,0.0,1.0,0.0,1.0,1.0
www.aachener-zeitung.de,0.0,1.0,0.0,1.0,1.0
www.iphoneblog.de,0.0,1.0,0.0,1.0,1.0
windowsarea.de,0.0,1.0,0.0,1.0,1.0
www.kraftfuttermischwerk.de,0.0,1.0,0.0,1.0,1.0
www.pcgames.de,0.0,1.0,0.0,1.0,1.0
www.kreiszeitung.de,0.0,1.0,0.0,1.0,1.0
www.maclife.de,0.0,1.0,0.0,1.0,1.0
thebirdsnewnest.com,0.0,1.0,0.0,1.0,1.0
sz-magazin.sueddeutsche.de,0.0,1.0,0.0,1.0,1.0
www.mt.de,0.0,1.0,0.0,1.0,1.0
prod.berliner-zeitung.de,0.0,1.0,0.0,1.0,1.0
presse-augsburg.de,0.0,1.0,0.0,1.0,1.0
www.nordkurier.de,0.0,1.0,0.0,1.0,1.0
'Import',0.0,1.0,0.0,1.0,1.0
www.nw.de,0.0,1.0,0.0,1.0,1.0
omr.podigee.io,0.0,1.0,0.0,1.0,1.0
www.deutsche-apotheker-zeitung.de,0.0,1.0,0.0,1.0,1.0
